area_ratio,thrust,thrust_wall,thrust_coefficient,thrust_imbalance,thrust_efficiency,specific_thrust,mass_flow_in,mass_imbalance,entropy_error,exit_mach,exit_pressure_ratio,ideal_thrust,quasi1d_exit_mach,quasi1d_shock_x,iterations,wall_time,residual,min_density,min_pressure,converged,regime
2.0,0.03828399672403987,0.03815080022233615,0.13683182866454735,0.0034791691855955978,0.9559648078216382,0.1266559806306527,0.3022675797338113,0.0003666604917571058,0.0008579782617014994,2.202642129898674,0.09554029049228052,0.04004749590236256,2.197198121652141,nan,3301.0,117.41132777599978,1.6169296390501755e-06,0.39698792160144974,0.07605290824866495,True,overexpanded
2.25,0.042825551966233055,0.04269165805875568,0.1530639194060069,0.0031264957795044002,0.9315282424645855,0.14168112248025166,0.30226717022377014,0.00036606531894530024,0.0011363983733148329,2.3354583962905635,0.07885280494618477,0.04597343377687357,2.3281721345666506,nan,1551.0,1.0292618770004083,1.2228593351536174e-06,0.341123012417383,0.06149976153709721,True,overexpanded
2.5,0.04588161151792891,0.04574675345030694,0.16398666135430823,0.002939261790516542,0.9020222988910667,0.151791783677911,0.3022667657380304,0.0003664682562796695,0.0014368683159168695,2.450382145270503,0.06687341622188267,0.050865274144924255,2.442764845523114,nan,1451.0,0.9535920540001825,1.3864639891790764e-06,0.30305250509367565,0.05210332368490626,True,overexpanded
2.75,0.047810599552600086,0.04767449850195102,0.17088110767240505,0.0028466710713245234,0.8693307918088954,0.15817371279262873,0.30226640513447045,0.0003672484547329659,0.0017714697912949119,2.551377530217252,0.05790454259049111,0.054997016099149365,2.5449662275609204,nan,1351.0,0.8809744499999397,1.7262157809373084e-06,0.2712825274681446,0.04461831507723015,True,overexpanded
3.0,0.048879324482697495,0.048742027002828654,0.17470086524836348,0.002808907064937891,0.8348346380717284,0.161709608012449,0.3022660501343531,0.0003668824622706884,0.002151122110768984,2.6413817305683875,0.05096483786943767,0.05854970823395306,2.6374158493108353,nan,1301.0,0.8795621510003002,1.556207391437993e-06,0.24312038779944348,0.03828561610016077,True,overexpanded
3.25,0.04929508527518073,0.04915629053080903,0.17618684671295753,0.0028155899030685256,0.7996119354051721,0.16308526767022788,0.30226571645244826,0.00036671504458103265,0.00258998206290622,2.7222991100876,0.04545217121571163,0.061648761220906956,2.7219637430611296,nan,1251.0,0.8353358730000764,1.5208313750973452e-06,0.21866316334382688,0.03302617988847992,True,overexpanded
3.5,0.04921094361145989,0.049070134532453055,0.17588611380367458,0.002861336700197797,0.764331277296709,0.16280706776379528,0.3022654009275347,0.0003667056024487841,0.0031149303875153784,2.795733806215342,0.040992006679072546,0.06438431223894098,2.799963100379683,nan,1201.0,0.8306823709999662,1.589603051899407e-06,0.1956389155968924,0.027886613411096144,True,overexpanded
3.75,0.048743621661189895,0.04859994883234943,0.17421584626365116,0.0029475205974458713,0.7294426064284396,0.16126116333629206,0.30226509999522044,0.00036687759420467683,0.004007371604524561,2.8631301439144172,0.03732975823471445,0.0668231074406973,2.872436903700639,nan,1151.0,0.847303305999958,1.7655217532569177e-06,0.17571760016426513,0.02416644750272278,True,overexpanded
4.0,0.047984060262623474,0.04783642294545511,0.1715010781087479,0.0030767991779004807,0.6952618851381036,0.15874843942457123,0.3022647683124024,0.00036583404910692246,0.0060573531734773485,2.924576352445672,0.03428913110124205,0.06901580726389472,2.940179169312615,nan,1151.0,0.8177928220002286,1.4604724662396441e-06,0.16089842429231763,0.013756149715523077,True,overexpanded
